account_id,post_text,posting_hour
gpt4_account_00,"Certainly! This product offers exceptional value. Furthermore, it demonstrates notable quality in every aspect.",9
gpt4_account_00,I think this is absolutely worth considering. It's important to note that the results speak for themselves.,10
gpt4_account_00,"Certainly, the benefits are clear. Moreover, the features are comprehensive and well-designed.",9
gpt4_account_00,"Absolutely, this is a great option. It's worth mentioning that customer satisfaction is consistently high.",11
gpt4_account_00,"Certainly! Furthermore, the specifications are impressive. It's important to note the build quality.",10
gpt4_account_01,"Certainly! This product offers exceptional value. Furthermore, it demonstrates notable quality in every aspect.",9
gpt4_account_01,I think this is absolutely worth considering. It's important to note that the results speak for themselves.,10
gpt4_account_01,"Certainly, the benefits are clear. Moreover, the features are comprehensive and well-designed.",9
gpt4_account_01,"Absolutely, this is a great option. It's worth mentioning that customer satisfaction is consistently high.",11
gpt4_account_01,"Certainly! Furthermore, the specifications are impressive. It's important to note the build quality.",10
gpt4_account_02,"Certainly! This product offers exceptional value. Furthermore, it demonstrates notable quality in every aspect.",9
gpt4_account_02,I think this is absolutely worth considering. It's important to note that the results speak for themselves.,10
gpt4_account_02,"Certainly, the benefits are clear. Moreover, the features are comprehensive and well-designed.",9
gpt4_account_02,"Absolutely, this is a great option. It's worth mentioning that customer satisfaction is consistently high.",11
gpt4_account_02,"Certainly! Furthermore, the specifications are impressive. It's important to note the build quality.",10
gpt4_account_03,"Certainly! This product offers exceptional value. Furthermore, it demonstrates notable quality in every aspect.",9
gpt4_account_03,I think this is absolutely worth considering. It's important to note that the results speak for themselves.,10
gpt4_account_03,"Certainly, the benefits are clear. Moreover, the features are comprehensive and well-designed.",9
gpt4_account_03,"Absolutely, this is a great option. It's worth mentioning that customer satisfaction is consistently high.",11
gpt4_account_03,"Certainly! Furthermore, the specifications are impressive. It's important to note the build quality.",10
gpt4_account_04,"Certainly! This product offers exceptional value. Furthermore, it demonstrates notable quality in every aspect.",9
gpt4_account_04,I think this is absolutely worth considering. It's important to note that the results speak for themselves.,10
gpt4_account_04,"Certainly, the benefits are clear. Moreover, the features are comprehensive and well-designed.",9
gpt4_account_04,"Absolutely, this is a great option. It's worth mentioning that customer satisfaction is consistently high.",11
gpt4_account_04,"Certainly! Furthermore, the specifications are impressive. It's important to note the build quality.",10
gpt4_account_05,"Certainly! This product offers exceptional value. Furthermore, it demonstrates notable quality in every aspect.",9
gpt4_account_05,I think this is absolutely worth considering. It's important to note that the results speak for themselves.,10
gpt4_account_05,"Certainly, the benefits are clear. Moreover, the features are comprehensive and well-designed.",9
gpt4_account_05,"Absolutely, this is a great option. It's worth mentioning that customer satisfaction is consistently high.",11
gpt4_account_05,"Certainly! Furthermore, the specifications are impressive. It's important to note the build quality.",10
gpt4_account_06,"Certainly! This product offers exceptional value. Furthermore, it demonstrates notable quality in every aspect.",9
gpt4_account_06,I think this is absolutely worth considering. It's important to note that the results speak for themselves.,10
gpt4_account_06,"Certainly, the benefits are clear. Moreover, the features are comprehensive and well-designed.",9
gpt4_account_06,"Absolutely, this is a great option. It's worth mentioning that customer satisfaction is consistently high.",11
gpt4_account_06,"Certainly! Furthermore, the specifications are impressive. It's important to note the build quality.",10
gpt4_account_07,"Certainly! This product offers exceptional value. Furthermore, it demonstrates notable quality in every aspect.",9
gpt4_account_07,I think this is absolutely worth considering. It's important to note that the results speak for themselves.,10
gpt4_account_07,"Certainly, the benefits are clear. Moreover, the features are comprehensive and well-designed.",9
gpt4_account_07,"Absolutely, this is a great option. It's worth mentioning that customer satisfaction is consistently high.",11
gpt4_account_07,"Certainly! Furthermore, the specifications are impressive. It's important to note the build quality.",10
gpt4_account_08,"Certainly! This product offers exceptional value. Furthermore, it demonstrates notable quality in every aspect.",9
gpt4_account_08,I think this is absolutely worth considering. It's important to note that the results speak for themselves.,10
gpt4_account_08,"Certainly, the benefits are clear. Moreover, the features are comprehensive and well-designed.",9
gpt4_account_08,"Absolutely, this is a great option. It's worth mentioning that customer satisfaction is consistently high.",11
gpt4_account_08,"Certainly! Furthermore, the specifications are impressive. It's important to note the build quality.",10
gpt4_account_09,"Certainly! This product offers exceptional value. Furthermore, it demonstrates notable quality in every aspect.",9
gpt4_account_09,I think this is absolutely worth considering. It's important to note that the results speak for themselves.,10
gpt4_account_09,"Certainly, the benefits are clear. Moreover, the features are comprehensive and well-designed.",9
gpt4_account_09,"Absolutely, this is a great option. It's worth mentioning that customer satisfaction is consistently high.",11
gpt4_account_09,"Certainly! Furthermore, the specifications are impressive. It's important to note the build quality.",10
claude_account_00,"I'd be happy to share my thoughts on this. It seems like a reasonable choice, though there are trade-offs.",14
claude_account_00,That's a great question! I think the answer depends on your specific needs and priorities.,15
claude_account_00,"Interestingly, this product has some notable strengths. However, it's worth considering alternatives.",14
claude_account_00,"I believe this is worth exploring. That said, it's important to note some limitations exist.",13
claude_account_00,"To be honest, I'm impressed by the design. It's worth mentioning the value proposition is strong.",15
claude_account_01,"I'd be happy to share my thoughts on this. It seems like a reasonable choice, though there are trade-offs.",14
claude_account_01,That's a great question! I think the answer depends on your specific needs and priorities.,15
claude_account_01,"Interestingly, this product has some notable strengths. However, it's worth considering alternatives.",14
claude_account_01,"I believe this is worth exploring. That said, it's important to note some limitations exist.",13
claude_account_01,"To be honest, I'm impressed by the design. It's worth mentioning the value proposition is strong.",15
claude_account_02,"I'd be happy to share my thoughts on this. It seems like a reasonable choice, though there are trade-offs.",14
claude_account_02,That's a great question! I think the answer depends on your specific needs and priorities.,15
claude_account_02,"Interestingly, this product has some notable strengths. However, it's worth considering alternatives.",14
claude_account_02,"I believe this is worth exploring. That said, it's important to note some limitations exist.",13
claude_account_02,"To be honest, I'm impressed by the design. It's worth mentioning the value proposition is strong.",15
claude_account_03,"I'd be happy to share my thoughts on this. It seems like a reasonable choice, though there are trade-offs.",14
claude_account_03,That's a great question! I think the answer depends on your specific needs and priorities.,15
claude_account_03,"Interestingly, this product has some notable strengths. However, it's worth considering alternatives.",14
claude_account_03,"I believe this is worth exploring. That said, it's important to note some limitations exist.",13
claude_account_03,"To be honest, I'm impressed by the design. It's worth mentioning the value proposition is strong.",15
claude_account_04,"I'd be happy to share my thoughts on this. It seems like a reasonable choice, though there are trade-offs.",14
claude_account_04,That's a great question! I think the answer depends on your specific needs and priorities.,15
claude_account_04,"Interestingly, this product has some notable strengths. However, it's worth considering alternatives.",14
claude_account_04,"I believe this is worth exploring. That said, it's important to note some limitations exist.",13
claude_account_04,"To be honest, I'm impressed by the design. It's worth mentioning the value proposition is strong.",15
claude_account_05,"I'd be happy to share my thoughts on this. It seems like a reasonable choice, though there are trade-offs.",14
claude_account_05,That's a great question! I think the answer depends on your specific needs and priorities.,15
claude_account_05,"Interestingly, this product has some notable strengths. However, it's worth considering alternatives.",14
claude_account_05,"I believe this is worth exploring. That said, it's important to note some limitations exist.",13
claude_account_05,"To be honest, I'm impressed by the design. It's worth mentioning the value proposition is strong.",15
claude_account_06,"I'd be happy to share my thoughts on this. It seems like a reasonable choice, though there are trade-offs.",14
claude_account_06,That's a great question! I think the answer depends on your specific needs and priorities.,15
claude_account_06,"Interestingly, this product has some notable strengths. However, it's worth considering alternatives.",14
claude_account_06,"I believe this is worth exploring. That said, it's important to note some limitations exist.",13
claude_account_06,"To be honest, I'm impressed by the design. It's worth mentioning the value proposition is strong.",15
claude_account_07,"I'd be happy to share my thoughts on this. It seems like a reasonable choice, though there are trade-offs.",14
claude_account_07,That's a great question! I think the answer depends on your specific needs and priorities.,15
claude_account_07,"Interestingly, this product has some notable strengths. However, it's worth considering alternatives.",14
claude_account_07,"I believe this is worth exploring. That said, it's important to note some limitations exist.",13
claude_account_07,"To be honest, I'm impressed by the design. It's worth mentioning the value proposition is strong.",15
claude_account_08,"I'd be happy to share my thoughts on this. It seems like a reasonable choice, though there are trade-offs.",14
claude_account_08,That's a great question! I think the answer depends on your specific needs and priorities.,15
claude_account_08,"Interestingly, this product has some notable strengths. However, it's worth considering alternatives.",14
claude_account_08,"I believe this is worth exploring. That said, it's important to note some limitations exist.",13
claude_account_08,"To be honest, I'm impressed by the design. It's worth mentioning the value proposition is strong.",15
claude_account_09,"I'd be happy to share my thoughts on this. It seems like a reasonable choice, though there are trade-offs.",14
claude_account_09,That's a great question! I think the answer depends on your specific needs and priorities.,15
claude_account_09,"Interestingly, this product has some notable strengths. However, it's worth considering alternatives.",14
claude_account_09,"I believe this is worth exploring. That said, it's important to note some limitations exist.",13
claude_account_09,"To be honest, I'm impressed by the design. It's worth mentioning the value proposition is strong.",15
human_account_00,"omg just got this and its amazing!! been using it for like 3 days now, totally worth it lol",8
human_account_00,eh its ok I guess. kinda pricey but whatever. does what it says on the box,19
human_account_00,bought this for my mom's birthday and she loves it!! shipping was super fast too,12
human_account_00,not sure if i'd buy again tbh. worked fine for a month then had issues,22
human_account_00,this thing is legit. my buddy recommended it and he was right for once haha,7
human_account_01,tbh kinda disappointed. expected more for the price. whatever i'll deal,8
human_account_01,LOVE IT. 10/10 would buy again. already got one for my sister too,19
human_account_01,does the job. nothing fancy but reliable. had mine for 6 months no complaints,12
human_account_01,idk it's alright. my friend has a different one and likes it better but this works,22
human_account_01,can't complain for the price honestly. pretty solid,7
human_account_02,got this as a gift and honestly wasn't sure but i like it now,8
human_account_02,three stars. works sometimes doesn't work other times. frustrating,19
human_account_02,my whole family uses this now lol. we're obsessed,12
human_account_02,would not recommend. broke after a week. very disappointed,22
human_account_02,solid purchase. glad i found it. does exactly what i needed,7
human_account_03,"omg just got this and its amazing!! been using it for like 3 days now, totally worth it lol",8
human_account_03,eh its ok I guess. kinda pricey but whatever. does what it says on the box,19
human_account_03,bought this for my mom's birthday and she loves it!! shipping was super fast too,12
human_account_03,not sure if i'd buy again tbh. worked fine for a month then had issues,22
human_account_03,this thing is legit. my buddy recommended it and he was right for once haha,7
human_account_04,tbh kinda disappointed. expected more for the price. whatever i'll deal,8
human_account_04,LOVE IT. 10/10 would buy again. already got one for my sister too,19
human_account_04,does the job. nothing fancy but reliable. had mine for 6 months no complaints,12
human_account_04,idk it's alright. my friend has a different one and likes it better but this works,22
human_account_04,can't complain for the price honestly. pretty solid,7
human_account_05,got this as a gift and honestly wasn't sure but i like it now,8
human_account_05,three stars. works sometimes doesn't work other times. frustrating,19
human_account_05,my whole family uses this now lol. we're obsessed,12
human_account_05,would not recommend. broke after a week. very disappointed,22
human_account_05,solid purchase. glad i found it. does exactly what i needed,7
human_account_06,"omg just got this and its amazing!! been using it for like 3 days now, totally worth it lol",8
human_account_06,eh its ok I guess. kinda pricey but whatever. does what it says on the box,19
human_account_06,bought this for my mom's birthday and she loves it!! shipping was super fast too,12
human_account_06,not sure if i'd buy again tbh. worked fine for a month then had issues,22
human_account_06,this thing is legit. my buddy recommended it and he was right for once haha,7
human_account_07,tbh kinda disappointed. expected more for the price. whatever i'll deal,8
human_account_07,LOVE IT. 10/10 would buy again. already got one for my sister too,19
human_account_07,does the job. nothing fancy but reliable. had mine for 6 months no complaints,12
human_account_07,idk it's alright. my friend has a different one and likes it better but this works,22
human_account_07,can't complain for the price honestly. pretty solid,7
human_account_08,got this as a gift and honestly wasn't sure but i like it now,8
human_account_08,three stars. works sometimes doesn't work other times. frustrating,19
human_account_08,my whole family uses this now lol. we're obsessed,12
human_account_08,would not recommend. broke after a week. very disappointed,22
human_account_08,solid purchase. glad i found it. does exactly what i needed,7
human_account_09,"omg just got this and its amazing!! been using it for like 3 days now, totally worth it lol",8
human_account_09,eh its ok I guess. kinda pricey but whatever. does what it says on the box,19
human_account_09,bought this for my mom's birthday and she loves it!! shipping was super fast too,12
human_account_09,not sure if i'd buy again tbh. worked fine for a month then had issues,22
human_account_09,this thing is legit. my buddy recommended it and he was right for once haha,7
